szalonyjanek123,b43c969b-20f0-3842-b924-c09f467182b5
teemo,ba7e7304-cc05-3ef8-8470-f69c5b51a636
hexir07,78c27872-9634-3251-af0f-f05878c3c163
issi_fox,b2692741-7f96-359c-88a0-fb7c13f0e89d
thegaunter,d2d21f7a-687f-3b6e-8771-25c79aa04470
kanekingamer,0f895a09-6e9d-3bea-82e1-904a1366b3b2
oliwier165,171a5ab2-640b-311d-9f53-b35617681b6f
ebay_05,ec5cb011-4459-38bb-916f-d202c66d3660
prewciostream,9ac34405-1bce-3b28-8531-3afcb9f12252
davez08,1afbc795-d1f2-3b9e-a38e-94c8b0234cad
kazimer2,0dd8ab63-a50c-39b2-a974-72df72a94d95
dawidoow,0eb5ae04-466d-334a-833c-afdbb1fc3ebf
emecky,eea66bda-8711-3557-a1aa-637acdd1add7
_bashma4ok,24e374f3-f5fe-3138-aaf7-3de66942b1d3
adamcio12,cd0486e4-5e4f-3625-8a13-0745f6ea5863
